{"cameraMode":{"drawMode":0,"name":"Shaded","section":"Shading Mode"},"sceneLighting":false,"audioPlay":false,"sceneViewState":{"showFog":true,"showMaterialUpdate":false,"showSkybox":false,"showFlares":true,"showImageEffects":true,"showParticleSystems":true},"in2DMode":false,"pivot":{"x":-0.09155988693237305,"y":0.15686416625976563,"z":0.19541025161743165},"rotation":{"x":-0.02562997303903103,"y":0.9735978245735169,"z":-0.17898504436016084,"w":-0.13938318192958833},"size":1.475255012512207,"orthographic":false}