{"cameraMode":{"drawMode":0,"name":"Shaded","section":"Shading Mode"},"sceneLighting":false,"audioPlay":false,"sceneViewState":{"showFog":true,"showMaterialUpdate":false,"showSkybox":false,"showFlares":true,"showImageEffects":true,"showParticleSystems":true},"in2DMode":false,"pivot":{"x":988.8694458007813,"y":447.6214599609375,"z":-0.4588623046875},"rotation":{"x":0.03330281376838684,"y":0.006938369944691658,"z":-0.00022949912818148732,"w":0.9994346499443054},"size":564.4461669921875,"orthographic":false}