{"cameraMode":{"drawMode":0,"name":"Shaded","section":"Shading Mode"},"sceneLighting":true,"audioPlay":false,"sceneViewState":{"showFog":true,"showMaterialUpdate":false,"showSkybox":false,"showFlares":true,"showImageEffects":true,"showParticleSystems":true},"in2DMode":false,"pivot":{"x":29.108314514160158,"y":8.551217079162598,"z":-5.795801162719727},"rotation":{"x":0.06583680212497711,"y":0.5993905067443848,"z":-0.04956146329641342,"w":0.7962060570716858},"size":6.8062849044799809,"orthographic":false}