{"cameraMode":{"drawMode":0,"name":"Shaded","section":"Shading Mode"},"sceneLighting":true,"audioPlay":false,"sceneViewState":{"showFog":true,"showMaterialUpdate":false,"showSkybox":false,"showFlares":true,"showImageEffects":true,"showParticleSystems":true},"in2DMode":false,"pivot":{"x":414.9183349609375,"y":454.88775634765627,"z":-60.55322265625},"rotation":{"x":0.057223815470933917,"y":-0.043981194496154788,"z":0.002522672526538372,"w":0.9974061250686646},"size":513.8262329101563,"orthographic":false}