{"cameraMode":{"drawMode":0,"name":"Shaded","section":"Shading Mode"},"sceneLighting":false,"audioPlay":false,"sceneViewState":{"showFog":true,"showMaterialUpdate":false,"showSkybox":false,"showFlares":true,"showImageEffects":true,"showParticleSystems":true},"in2DMode":false,"pivot":{"x":5.420000076293945,"y":5.044490814208984,"z":-7.050000190734863},"rotation":{"x":-0.02562997303903103,"y":0.9735978245735169,"z":-0.17898504436016084,"w":-0.13938318192958833},"size":0.8660253882408142,"orthographic":false}